[
  {
    "id": 1,
    "name": "Dimensions",
    "intensity": "1",
    "topscore": 5,
    "url": "music/Dimensions.mp3",
    "description": [
      "chill",
      "wavy",
      "relaxing",
      "soothing",
      "mellow",
      "serene",
      "smooth",
      "tranquil",
      "groovy",
      "soft",
      "jazzy",
      "melodic",
      "deep",
      "minimal",
      "lush",
      "gentle",
      "funky",
      "soulful",
      "synth",
      "echo",
      "hypnotic",
      "subtle",
      "velvet",
      "warm",
      "cool",
      "breezy",
      "airy",
      "whimsy",
      "steady",
      "mystic",
      "muted",
      "haze",
      "glow",
      "twinkle",
      "sleek",
      "polish",
      "refined",
      "classy",
      "stylish",
      "trendy",
      "hip",
      "retro",
      "modern",
      "futuristic",
      "progressive",
      "unique",
      "quirky",
      "exotic",
      "cosmic",
      "stellar",
      "radiant",
      "luminous",
      "glowing",
      "toasty",
      "cozy",
      "snug",
      "homey",
      "inviting",
      "charming",
      "captivating",
      "enchanting",
      "spell",
      "seductive",
      "intense",
      "compelling",
      "gripping",
      "enthralling",
      "addictive",
      "memorable",
      "striking",
      "amazing",
      "grand",
      "majestic"
    ]
  },
  {
    "id": 2,
    "name": "Vibes",
    "intensity": "2",
    "topscore": 3,
    "url": "music/VIBES.mp3",
    "description": [
      "lit",
      "vibey",
      "dope",
      "groovy",
      "fresh",
      "slick",
      "fire",
      "smooth",
      "fly",
      "dynamic",
      "swag",
      "melodic",
      "trill",
      "harmonic",
      "phat",
      "catchy",
      "icy",
      "rhythmic",
      "tight",
      "energetic",
      "savage",
      "bouncy",
      "beast",
      "upbeat",
      "ill",
      "funky",
      "raw",
      "polished",
      "hard",
      "soulful",
      "real",
      "vibrant",
      "dank",
      "pulsing",
      "poppin'",
      "lively",
      "fleek",
      "lush",
      "bangin'",
      "eclectic",
      "drippy",
      "uplifting",
      "clutch",
      "heartfelt",
      "banging",
      "anthemic",
      "chill",
      "sophisticated",
      "mellow",
      "spirited",
      "vibes",
      "euphoric",
      "groovy",
      "radiant",
      "wavy",
      "empowering",
      "boss",
      "trendsetting",
      "king",
      "engaging",
      "queen",
      "snappy",
      "epic",
      "chart-topping",
      "gold",
      "irresistible",
      "platinum",
      "captivating",
      "diamond",
      "infectious",
      "rich",
      "futuristic",
      "money",
      "sleek",
      "cash",
      "glamorous",
      "flossy",
      "luxe",
      "lux",
      "glitzy",
      "boujee",
      "flashy",
      "gangsta",
      "innovative",
      "hood",
      "streetwise",
      "street",
      "authentic",
      "urban",
      "evocative",
      "concrete",
      "sensual",
      "gritty",
      "vivid",
      "rough",
      "passionate",
      "tough",
      "exuberant",
      "rugged",
      "emotional",
      "hardcore",
      "haunting",
      "solid",
      "dreamy",
      "steady",
      "mesmerizing",
      "leveled",
      "nostalgic",
      "balanced",
      "ambitious",
      "smooth",
      "sizzling",
      "slick",
      "hypnotic",
      "suave",
      "sultry",
      "debonair",
      "intense",
      "stylin'",
      "sophisticated",
      "trendy",
      "provocative",
      "fashion",
      "daring",
      "designer",
      "stunning",
      "custom",
      "dramatic",
      "exclusive",
      "fiery",
      "elite",
      "electrifying",
      "premium",
      "passionate",
      "choice",
      "bold",
      "prime",
      "sassy",
      "top",
      "fierce",
      "supreme",
      "enchanting",
      "ultimate",
      "glorious",
      "maximum",
      "lavish",
      "full",
      "explosive",
      "loaded",
      "packed",
      "bursting",
      "dynamic",
      "potent",
      "energetic",
      "intoxicating",
      "powerful",
      "thrilling",
      "potent",
      "commanding",
      "forceful",
      "mighty",
      "massive",
      "heavy",
      "impactful",
      "hefty",
      "weighty",
      "colossal",
      "monumental",
      "giant",
      "titanic",
      "huge",
      "immense",
      "vast",
      "enormous",
      "gargantuan",
      "humongous",
      "mega",
      "super",
      "ultra",
      "extra",
      "over",
      "beyond",
      "extreme",
      "wild",
      "crazy",
      "insane",
      "mad",
      "sick",
      "nasty",
      "awesome",
      "amazing",
      "incredible",
      "fantastic",
      "fabulous",
      "marvelous",
      "stunning",
      "astonishing",
      "surprising",
      "unbelievable",
      "unreal",
      "mind-blowing",
      "breathtaking",
      "spectacular",
      "phenomenal",
      "extraordinary",
      "remarkable",
      "noteworthy",
      "significant",
      "important",
      "influential",
      "leading",
      "major",
      "prominent",
      "dominant",
      "powerhouse",
      "mogul",
      "baron",
      "magnate",
      "tycoon",
      "authority",
      "expert",
      "master",
      "genius",
      "wizard",
      "prodigy",
      "savant",
      "whiz",
      "ace",
      "virtuoso",
      "maestro",
      "champion",
      "winner",
      "victor",
      "hero",
      "legend",
      "icon",
      "star",
      "celebrity",
      "fame",
      "renown",
      "reputation",
      "status",
      "esteem",
      "respect",
      "honor",
      "glory",
      "pride",
      "triumph",
      "success",
      "achievement",
      "accomplishment",
      "victory",
      "conquest",
      "feat",
      "milestone",
      "breakthrough",
      "revolution",
      "innovation",
      "transformation",
      "evolution",
      "progress",
      "advancement",
      "development",
      "growth",
      "expansion",
      "escalation",
      "rise",
      "climb",
      "ascent",
      "peak",
      "summit",
      "zenith",
      "apex",
      "pinnacle",
      "height",
      "top"
    ]
  },
  {
    "id": 3,
    "name": "Neon Dreams",
    "intensity": "3",
    "topscore": 8,
    "url": "music/Neon Dream.mp3",
    "description": [
      "synthetic",
      "vibrant",
      "neon",
      "retro",
      "nostalgic",
      "electric",
      "futuristic",
      "arcade",
      "glowing",
      "energetic",
      "synthy",
      "flashy",
      "digital",
      "vintage",
      "groovy",
      "electropop",
      "eighties",
      "pop",
      "fun",
      "radical",
      "bold",
      "dynamic",
      "echoing",
      "pulsating",
      "luminous",
      "fluorescent",
      "colorful",
      "dazzling",
      "shimmering",
      "animated",
      "vivid",
      "catchy",
      "melodic",
      "upbeat",
      "rhythmic",
      "bubbly",
      "spunky",
      "bouncy",
      "peppy",
      "zesty",
      "lively",
      "sprightly",
      "spirited",
      "vivacious",
      "perky",
      "chipper",
      "cheery",
      "sparkling",
      "uplifting",
      "joyful",
      "happy",
      "fun",
      "playful",
      "whimsical",
      "quirky",
      "kooky",
      "funky",
      "jazzy",
      "sassy",
      "saucy",
      "flash",
      "glam",
      "stylish",
      "sleek",
      "polished",
      "sophisticated",
      "elegant",
      "chic",
      "trendy",
      "hip",
      "cool",
      "swank",
      "posh",
      "classy",
      "fancy",
      "snazzy",
      "dapper",
      "smart",
      "debonair",
      "sharp",
      "suave",
      "smooth",
      "svelte",
      "genteel",
      "urbane",
      "cultivated",
      "refined",
      "graceful",
      "polite",
      "courteous",
      "civil",
      "gallant",
      "chivalrous",
      "knightly",
      "noble",
      "majestic",
      "regal",
      "royal",
      "aristocratic",
      "dignified",
      "stately",
      "august",
      "grand",
      "magnificent",
      "glorious",
      "splendid",
      "resplendent",
      "radiant",
      "shining",
      "gleaming",
      "glistening",
      "sparkling",
      "twinkling",
      "glittering",
      "beaming",
      "blazing",
      "flaming",
      "burning",
      "glaring",
      "luminous",
      "incandescent",
      "iridescent",
      "opalescent",
      "pearlescent",
      "translucent",
      "crystal",
      "glassy",
      "shiny",
      "glossy",
      "silky",
      "satiny",
      "velvety",
      "plush",
      "soft",
      "fluffy",
      "feathery",
      "fuzzy",
      "woolly",
      "cuddly",
      "snuggly",
      "cozy",
      "comfy",
      "comfortable",
      "relaxing",
      "soothing",
      "calming",
      "peaceful",
      "serene",
      "tranquil",
      "quiet",
      "mellow",
      "gentle",
      "tender",
      "mild",
      "sweet",
      "pleasant",
      "agreeable",
      "delightful",
      "charming",
      "enchanting",
      "captivating",
      "alluring",
      "attractive",
      "appealing",
      "enticing",
      "tempting",
      "seductive",
      "bewitching",
      "fascinating",
      "intriguing",
      "interesting",
      "engaging",
      "absorbing",
      "compelling",
      "riveting",
      "gripping",
      "spellbinding",
      "mesmerizing",
      "hypnotic",
      "magnetic",
      "irresistible",
      "unforgettable",
      "memorable",
      "noteworthy",
      "remarkable",
      "extraordinary",
      "exceptional",
      "amazing",
      "astonishing",
      "astounding",
      "stunning",
      "breathtaking",
      "spectacular",
      "incredible",
      "unbelievable",
      "phenomenal",
      "prodigious",
      "miraculous",
      "wondrous",
      "marvelous",
      "wonderful",
      "fabulous",
      "fantastic",
      "awesome",
      "superb",
      "excellent",
      "outstanding",
      "exemplary",
      "superior",
      "supreme",
      "prime",
      "top",
      "premium",
      "deluxe",
      "luxury",
      "opulent",
      "lavish",
      "sumptuous",
      "rich",
      "plush",
      "posh",
      "swanky",
      "fancy",
      "ornate",
      "elaborate",
      "decorative",
      "artistic",
      "aesthetic",
      "beautiful",
      "lovely",
      "pretty",
      "attractive",
      "handsome",
      "good-looking",
      "cute",
      "adorable",
      "sweet",
      "nice"
    ]
  },
  {
    "id": 4,
    "name": "Down Under",
    "intensity": "4",
    "topscore": 3,
    "url": "music/Down Under.mp3",
    "description": [
      "intense",
      "heavy",
      "dark",
      "wild",
      "crazy",
      "hardcore",
      "powerful",
      "thunderous",
      "aggressive",
      "chaotic",
      "fierce",
      "raw",
      "menacing",
      "ferocious",
      "unruly",
      "unleashed",
      "explosive",
      "destructive",
      "savage",
      "beastly",
      "brutal",
      "merciless",
      "relentless",
      "turbulent",
      "roaring",
      "stormy",
      "vicious",
      "severe",
      "grim",
      "brooding",
      "sinister",
      "ominous",
      "foreboding",
      "diabolic",
      "demonic",
      "monstrous",
      "fiery",
      "blazing",
      "scorching",
      "incendiary",
      "flaming",
      "burning",
      "smoldering",
      "sizzling",
      "glowing",
      "ignited",
      "enflamed",
      "consuming",
      "devouring",
      "ravenous",
      "voracious",
      "insatiable",
      "greedy",
      "ravenous",
      "hungering",
      "starving",
      "famished",
      "parched",
      "thirsty",
      "dehydrated",
      "desiccated",
      "withered",
      "shriveled",
      "parched",
      "barren",
      "desolate",
      "bleak",
      "arid",
      "sterile",
      "empty",
      "void",
      "vacant",
      "deserted",
      "abandoned",
      "forsaken",
      "neglected",
      "ignored",
      "overlooked",
      "forgotten",
      "discarded",
      "rejected",
      "castoff",
      "disused",
      "obsolete",
      "outdated",
      "outmoded",
      "old-fashioned",
      "antiquated",
      "archaic",
      "ancient",
      "prehistoric",
      "primordial",
      "primitive",
      "savage",
      "barbaric",
      "uncivilized",
      "wild",
      "untamed",
      "uncontrolled",
      "unrestrained",
      "unchecked",
      "unbridled",
      "unfettered",
      "unleashed",
      "free",
      "liberated",
      "emancipated",
      "released",
      "unchained",
      "loosed",
      "untied",
      "unbound",
      "unshackled",
      "unfettered",
      "unrestricted",
      "unlimited",
      "unconstrained",
      "uninhibited",
      "unrepressed",
      "unhindered",
      "unimpeded",
      "unobstructed",
      "clear",
      "open",
      "free",
      "vacant",
      "empty",
      "void",
      "barren",
      "desolate",
      "deserted",
      "abandoned",
      "forsaken",
      "neglected",
      "forgotten",
      "overlooked",
      "ignored",
      "disregarded",
      "dismissed",
      "rejected",
      "spurned",
      "shunned",
      "ostracized",
      "excluded",
      "outcast",
      "pariah",
      "misfit",
      "outsider",
      "alien",
      "foreigner",
      "stranger",
      "intruder",
      "interloper",
      "trespasser",
      "invader",
      "intruder",
      "assailant",
      "attacker",
      "aggressor",
      "opponent",
      "adversary",
      "enemy",
      "foe",
      "nemesis",
      "rival",
      "competitor",
      "challenger",
      "contender",
      "antagonist",
      "villain",
      "rogue",
      "scoundrel",
      "rascal",
      "miscreant",
      "malefactor",
      "felon",
      "criminal",
      "outlaw",
      "bandit",
      "brigand",
      "marauder",
      "raider",
      "pirate",
      "buccaneer",
      "corsair",
      "freebooter",
      "plunderer",
      "pillager",
      "looter",
      "thief",
      "robber",
      "burglar",
      "bandit",
      "highwayman",
      "footpad",
      "cutpurse",
      "pickpocket",
      "sneak",
      "spy",
      "snoop",
      "eavesdropper",
      "intruder",
      "trespasser",
      "interloper",
      "meddler",
      "busybody",
      "interferer",
      "obtruder",
      "intruder",
      "invader",
      "interferer",
      "meddler",
      "mischief-maker",
      "troublemaker",
      "instigator",
      "provocateur",
      "agitator",
      "inciter",
      "firebrand",
      "rabble-rouser",
      "demagogue",
      "radical",
      "extremist",
      "fanatic",
      "zealot",
      "militant",
      "activist",
      "rebel",
      "revolutionary",
      "insurgent",
      "mutineer",
      "subversive",
      "dissident",
      "protester",
      "objector",
      "resister",
      "opposer",
      "nonconformist",
      "maverick",
      "heretic",
      "iconoclast",
      "dissenter",
      "deviant",
      "misfit",
      "outsider",
      "rebel",
      "renegade",
      "defector",
      "turncoat",
      "apostate",
      "traitor",
      "betrayer",
      "backstabber",
      "double-crosser",
      "deceiver",
      "liar",
      "fibber",
      "fabricator",
      "inventor",
      "mythomaniac",
      "fantasist",
      "illusionist",
      "magician",
      "sorcerer",
      "wizard",
      "warlock",
      "witch",
      "enchanter",
      "necromancer",
      "conjurer",
      "shaman",
      "healer",
      "seer",
      "prophet",
      "oracle",
      "sibyl",
      "augur",
      "soothsayer",
      "clairvoyant",
      "psychic",
      "medium",
      "spiritualist",
      "mystic",
      "visionary",
      "dreamer",
      "idealist",
      "utopian",
      "romantic",
      "fantasist",
      "escapist",
      "daydreamer",
      "dreamer",
      "imaginer",
      "creator",
      "inventor",
      "originator",
      "designer",
      "planner",
      "strategist",
      "schemer",
      "plotter",
      "manipulator",
      "controller",
      "dominator",
      "ruler",
      "sovereign",
      "monarch",
      "emperor",
      "king",
      "queen",
      "prince",
      "princess",
      "duke",
      "duchess",
      "earl",
      "count",
      "countess",
      "baron",
      "baroness",
      "lord",
      "lady",
      "knight",
      "squire",
      "noble",
      "aristocrat",
      "patrician",
      "elite",
      "privileged",
      "entitled",
      "pampered",
      "spoiled",
      "indulged",
      "coddled",
      "cosseted",
      "overprotected",
      "sheltered",
      "guarded",
      "protected",
      "secured",
      "safe",
      "sound",
      "whole",
      "intact",
      "preserved",
      "maintained",
      "kept",
      "retained",
      "saved",
      "rescued",
      "redeemed",
      "delivered",
      "liberated",
      "emancipated",
      "freed",
      "disentangled",
      "unraveled",
      "solved",
      "resolved",
      "clarified",
      "elucidated",
      "explained",
      "interpreted",
      "translated",
      "decoded",
      "unscrambled",
      "untangled",
      "disentangled",
      "unraveled",
      "unwound",
      "uncoiled",
      "unrolled",
      "unfurled",
      "unfolded",
      "opened",
      "revealed",
      "exposed",
      "disclosed",
      "uncovered",
      "unveiled",
      "unmasked",
      "discovered",
      "found",
      "detected",
      "noticed",
      "observed",
      "seen",
      "perceived",
      "recognized",
      "identified",
      "distinguished",
      "differentiated",
      "separated",
      "isolated",
      "singled",
      "chosen",
      "selected",
      "picked",
      "elected",
      "appointed",
      "nominated",
      "designated",
      "assigned",
      "allocated",
      "allotted",
      "dispersed",
      "distributed",
      "spread",
      "scattered",
      "disseminated"
    ]
  }
]